Model,Criterion,Sparsity,Balanced Acc,Mel Sens,Mel AUROC,Macro AUROC,ECE,DCR,Spec@90Sens,n
deit_small,Dense,0%,0.914 ± 0.032,0.896 ± 0.030,0.964 ± 0.010,0.986 ± 0.008,0.017 ± 0.009,0.00 ± 0.00,0.905 ± 0.031,20
deit_small,Magnitude,20%,0.920 ± 0.001,0.908 ± 0.001,0.964 ± 0.000,0.987 ± 0.001,0.023 ± 0.004,-0.56 ± 1.50,0.907 ± 0.001,16
deit_small,Magnitude,30%,0.869 ± 0.074,0.909 ± 0.075,0.953 ± 0.025,0.978 ± 0.017,0.035 ± 0.020,0.05 ± 0.25,0.872 ± 0.068,4
deit_small,Magnitude,40%,0.884 ± 0.007,0.861 ± 0.010,0.944 ± 0.002,0.980 ± 0.001,0.030 ± 0.001,1.54 ± 0.11,0.858 ± 0.002,16
deit_small,Magnitude,50%,0.789 ± 0.026,0.571 ± 0.052,0.881 ± 0.018,0.959 ± 0.007,0.035 ± 0.008,1.89 ± 0.42,0.663 ± 0.029,20
deit_small,Magnitude,60%,0.527 ± 0.008,0.204 ± 0.023,0.719 ± 0.043,0.873 ± 0.003,0.038 ± 0.001,1.02 ± 0.10,0.314 ± 0.068,16
deit_small,Magnitude,70%,0.144 ± 0.003,0.000 ± 0.000,0.621 ± 0.031,0.693 ± 0.010,0.652 ± 0.004,0.65 ± 0.02,0.181 ± 0.046,20
deit_small,Wanda,20%,0.915 ± 0.002,0.870 ± 0.005,0.963 ± 0.001,0.987 ± 0.001,0.017 ± 0.001,3.11 ± 2.12,0.892 ± 0.007,16
deit_small,Wanda,30%,0.852 ± 0.070,0.866 ± 0.069,0.952 ± 0.022,0.978 ± 0.016,0.027 ± 0.006,0.83 ± 0.19,0.869 ± 0.055,4
deit_small,Wanda,40%,0.829 ± 0.002,0.754 ± 0.049,0.928 ± 0.007,0.972 ± 0.000,0.032 ± 0.001,1.37 ± 0.05,0.801 ± 0.036,16
deit_small,Wanda,50%,0.612 ± 0.018,0.541 ± 0.042,0.837 ± 0.018,0.923 ± 0.006,0.099 ± 0.005,0.77 ± 0.09,0.568 ± 0.044,20
deit_small,Wanda,60%,0.376 ± 0.015,0.063 ± 0.007,0.799 ± 0.025,0.797 ± 0.002,0.289 ± 0.005,1.03 ± 0.07,0.537 ± 0.080,16
deit_small,Wanda,70%,0.147 ± 0.006,0.000 ± 0.000,0.717 ± 0.036,0.701 ± 0.019,0.187 ± 0.011,0.64 ± 0.02,0.336 ± 0.077,20
deit_small,Taylor,20%,0.915 ± 0.005,0.885 ± 0.008,0.961 ± 0.001,0.986 ± 0.001,0.018 ± 0.006,3.10 ± 4.18,0.883 ± 0.011,16
deit_small,Taylor,30%,0.868 ± 0.077,0.893 ± 0.075,0.952 ± 0.026,0.979 ± 0.017,0.030 ± 0.007,-170.87 ± 198.49,0.872 ± 0.070,4
deit_small,Taylor,40%,0.853 ± 0.006,0.891 ± 0.014,0.948 ± 0.001,0.981 ± 0.001,0.030 ± 0.003,1.04 ± 0.47,0.842 ± 0.014,16
deit_small,Taylor,50%,0.770 ± 0.032,0.843 ± 0.031,0.931 ± 0.012,0.973 ± 0.006,0.031 ± 0.007,0.95 ± 0.26,0.795 ± 0.042,20
deit_small,Taylor,60%,0.632 ± 0.034,0.730 ± 0.058,0.882 ± 0.019,0.954 ± 0.004,0.043 ± 0.003,0.69 ± 0.17,0.649 ± 0.044,16
deit_small,Taylor,70%,0.427 ± 0.020,0.362 ± 0.043,0.791 ± 0.051,0.918 ± 0.009,0.081 ± 0.004,1.01 ± 0.13,0.459 ± 0.128,20
deit_small,Random,20%,0.448 ± 0.037,0.056 ± 0.010,0.712 ± 0.019,0.855 ± 0.019,0.126 ± 0.020,1.06 ± 0.11,0.227 ± 0.040,16
deit_small,Random,30%,0.199 ± 0.045,0.000 ± 0.000,0.497 ± 0.058,0.694 ± 0.035,0.163 ± 0.073,0.76 ± 0.05,0.106 ± 0.057,4
deit_small,Random,40%,0.180 ± 0.038,0.000 ± 0.000,0.570 ± 0.100,0.622 ± 0.020,0.193 ± 0.153,0.73 ± 0.09,0.186 ± 0.019,16
deit_small,Random,50%,0.133 ± 0.011,0.000 ± 0.000,0.523 ± 0.049,0.537 ± 0.032,0.249 ± 0.125,0.99 ± 0.36,0.170 ± 0.028,20
deit_small,Random,60%,0.143 ± 0.000,0.000 ± 0.000,0.431 ± 0.030,0.510 ± 0.004,0.261 ± 0.133,1.04 ± 0.40,0.107 ± 0.035,16
deit_small,Random,70%,0.143 ± 0.002,0.000 ± 0.000,0.471 ± 0.043,0.536 ± 0.030,0.236 ± 0.130,1.03 ± 0.41,0.165 ± 0.047,20
deit_tiny,Dense,0%,0.906 ± 0.035,0.845 ± 0.038,0.951 ± 0.011,0.984 ± 0.005,0.025 ± 0.009,0.00 ± 0.00,0.869 ± 0.035,20
deit_tiny,Magnitude,20%,0.911 ± 0.001,0.873 ± 0.002,0.952 ± 0.003,0.985 ± 0.001,0.029 ± 0.004,-0.52 ± 0.59,0.867 ± 0.006,16
deit_tiny,Magnitude,30%,0.861 ± 0.089,0.856 ± 0.081,0.952 ± 0.023,0.979 ± 0.013,0.034 ± 0.018,1.64 ± 0.58,0.861 ± 0.061,4
deit_tiny,Magnitude,40%,0.857 ± 0.009,0.807 ± 0.027,0.935 ± 0.007,0.977 ± 0.000,0.026 ± 0.001,3.26 ± 2.11,0.810 ± 0.018,16
deit_tiny,Magnitude,50%,0.758 ± 0.038,0.518 ± 0.048,0.895 ± 0.014,0.960 ± 0.006,0.049 ± 0.005,3.83 ± 1.66,0.695 ± 0.044,20
deit_tiny,Magnitude,60%,0.487 ± 0.000,0.166 ± 0.035,0.823 ± 0.028,0.893 ± 0.002,0.093 ± 0.001,1.39 ± 0.03,0.557 ± 0.058,16
deit_tiny,Magnitude,70%,0.263 ± 0.019,0.018 ± 0.004,0.698 ± 0.026,0.796 ± 0.009,0.217 ± 0.006,0.89 ± 0.05,0.275 ± 0.025,20
deit_tiny,Wanda,20%,0.893 ± 0.004,0.853 ± 0.009,0.950 ± 0.003,0.983 ± 0.000,0.021 ± 0.003,0.36 ± 0.13,0.853 ± 0.004,16
deit_tiny,Wanda,30%,0.831 ± 0.071,0.880 ± 0.067,0.942 ± 0.025,0.976 ± 0.014,0.029 ± 0.007,0.16 ± 0.10,0.829 ± 0.080,4
deit_tiny,Wanda,40%,0.747 ± 0.016,0.835 ± 0.014,0.880 ± 0.012,0.951 ± 0.002,0.040 ± 0.004,1.08 ± 0.17,0.668 ± 0.052,16
deit_tiny,Wanda,50%,0.338 ± 0.010,0.934 ± 0.019,0.799 ± 0.024,0.823 ± 0.010,0.118 ± 0.006,0.63 ± 0.06,0.558 ± 0.045,20
deit_tiny,Wanda,60%,0.158 ± 0.017,0.993 ± 0.011,0.614 ± 0.034,0.684 ± 0.008,0.153 ± 0.021,0.69 ± 0.03,0.198 ± 0.039,16
deit_tiny,Wanda,70%,0.143 ± 0.000,1.000 ± 0.000,0.574 ± 0.027,0.664 ± 0.009,0.143 ± 0.008,0.66 ± 0.03,0.258 ± 0.043,20
deit_tiny,Taylor,20%,0.898 ± 0.004,0.881 ± 0.014,0.946 ± 0.007,0.982 ± 0.001,0.039 ± 0.005,0.98 ± 0.43,0.840 ± 0.015,16
deit_tiny,Taylor,30%,0.816 ± 0.085,0.899 ± 0.038,0.933 ± 0.018,0.972 ± 0.012,0.048 ± 0.014,0.81 ± 0.53,0.803 ± 0.046,4
deit_tiny,Taylor,40%,0.792 ± 0.013,0.823 ± 0.045,0.911 ± 0.014,0.968 ± 0.001,0.038 ± 0.003,1.04 ± 0.17,0.735 ± 0.042,16
deit_tiny,Taylor,50%,0.585 ± 0.016,0.814 ± 0.121,0.868 ± 0.027,0.942 ± 0.007,0.039 ± 0.010,0.99 ± 0.18,0.630 ± 0.053,20
deit_tiny,Taylor,60%,0.441 ± 0.005,0.794 ± 0.154,0.811 ± 0.051,0.904 ± 0.008,0.120 ± 0.024,0.64 ± 0.19,0.535 ± 0.105,16
deit_tiny,Taylor,70%,0.263 ± 0.015,0.417 ± 0.158,0.778 ± 0.028,0.771 ± 0.014,0.070 ± 0.012,0.97 ± 0.19,0.459 ± 0.055,20
deit_tiny,Random,20%,0.311 ± 0.028,0.211 ± 0.008,0.780 ± 0.043,0.808 ± 0.003,0.151 ± 0.039,1.27 ± 0.05,0.492 ± 0.070,16
deit_tiny,Random,30%,0.179 ± 0.024,0.318 ± 0.346,0.638 ± 0.029,0.695 ± 0.049,0.278 ± 0.072,0.95 ± 0.46,0.180 ± 0.052,4
deit_tiny,Random,40%,0.164 ± 0.017,0.750 ± 0.224,0.657 ± 0.135,0.628 ± 0.011,0.146 ± 0.021,0.87 ± 0.19,0.340 ± 0.218,16
deit_tiny,Random,50%,0.140 ± 0.006,0.964 ± 0.089,0.482 ± 0.080,0.540 ± 0.025,0.148 ± 0.038,0.67 ± 0.05,0.168 ± 0.077,20
deit_tiny,Random,60%,0.143 ± 0.000,1.000 ± 0.000,0.398 ± 0.002,0.519 ± 0.041,0.164 ± 0.005,0.66 ± 0.00,0.124 ± 0.030,16
deit_tiny,Random,70%,0.144 ± 0.004,0.996 ± 0.019,0.420 ± 0.107,0.527 ± 0.030,0.149 ± 0.029,0.66 ± 0.01,0.138 ± 0.089,20
